"jahr"	"Haushalte"	"Nicht-Wohnen (ohne Verkehr)"	"Verkehr"	"Total"	"CO<sub>2</sub>-Emissionen in Tonnen pro Kopf (rechte Skala)"	"Bevölkerung"
2012	246864.8923	385152.1723	201350.29601	833367.36061	4.3202040467	192900
2014	199418.86744	360696.65988	204406.94145	764522.46877	3.8989140926	196086
2016	190274.14488	347016.32325	204334.64087	741625.109	3.7469817457	197926
2018	189586.64121	303332.98213	201597.45844	694517.08178	3.4748426667	199870
