{
  "series": [
    {
      "color": "rgb(103,39,115)",
      "index": 2,
      "legendIndex": 0,
      "data": [
        [
          "Schweiz",
          16698.628737
        ],
        [
          "Deutschland",
          817.01939353
        ],
        [
          "Italien",
          2930.1947613
        ],
        [
          "Türkei",
          3097.1868973
        ],
        [
          "EU-West + EFTA + UK",
          3273.9747608
        ],
        [
          "EU-Ost",
          593.34781927
        ],
        [
          "Balkan",
          2704.3293488
        ],
        [
          "Mittel- und Südamerika",
          552.50358048
        ],
        [
          "Arabische Länder",
          490.78654638
        ],
        [
          "Afrikanische Länder",
          708.81479926
        ],
        [
          "Übrige Länder",
          1287.6176376
        ]
      ],
      "pointStart": 0,
      "name": "Sekundarstufe I",
      "turboThreshold": 0
    },
    {
      "color": "rgb(180,117,171)",
      "index": 1,
      "legendIndex": 1,
      "data": [
        [
          "Schweiz",
          40489.057645
        ],
        [
          "Deutschland",
          3022.4619249
        ],
        [
          "Italien",
          1954.6233431
        ],
        [
          "Türkei",
          1236.3138722
        ],
        [
          "EU-West + EFTA + UK",
          1937.1092868
        ],
        [
          "EU-Ost",
          1553.4148127
        ],
        [
          "Balkan",
          1935.6298601
        ],
        [
          "Mittel- und Südamerika",
          362.40163342
        ],
        [
          "Arabische Länder",
          374.97607911
        ],
        [
          "Afrikanische Länder",
          421.13226655
        ],
        [
          "Übrige Länder",
          867.88455956
        ]
      ],
      "pointStart": 0,
      "name": "Sekundarstufe II",
      "turboThreshold": 0
    },
    {
      "color": "rgb(231,207,226)",
      "index": 0,
      "legendIndex": 2,
      "data": [
        [
          "Schweiz",
          46924.513618
        ],
        [
          "Deutschland",
          9946.4567514
        ],
        [
          "Italien",
          2475.5994515
        ],
        [
          "Türkei",
          730.48127446
        ],
        [
          "EU-West + EFTA + UK",
          8034.4253261
        ],
        [
          "EU-Ost",
          2505.4823248
        ],
        [
          "Balkan",
          730.6772232
        ],
        [
          "Mittel- und Südamerika",
          746.92322476
        ],
        [
          "Arabische Länder",
          404.21019302
        ],
        [
          "Afrikanische Länder",
          313.58441928
        ],
        [
          "Übrige Länder",
          4501.4366284
        ]
      ],
      "pointStart": 0,
      "name": "Tertiärstufe",
      "turboThreshold": 0
    }
  ],
  "xAxis": {
    "type": "category",
    "uniqueNames": true,
    "lineColor": "#B9CFD7",
    "lineWidth": 0.5,
    "tickLength": 0,
    "title": {
      "style": {
        "color": "#000000"
      }
    },
    "labels": {
      "rotation": 0,
      "style": {
        "color": "#000000",
        "width": 1,
        "whiteSpace": "nowrap",
        "textOverflow": "none"
      },
      "formatter": function() {
      	return this.value;
      }
    }
  },
  "chart": {
    "events": {
      "load": function () {
      originalLoad.call(this);
      var chart = this;
      var shift = chart.chartWidth - 485;
      if (shift === 0) return;
      var svg = chart.container.querySelector("svg");
      if (!svg) return;
      var sel = [
        ".pieLegend",
        ".pieLegendStayeOnZoom",
        ".pieLegendRecalculateOnZoom",
        ".pieLegendHideOnZoom",
        ".pieLegendTitle",
      ].join(",");
      // Rects with class="undefined" (addLegendRectangle called without cssClass)
      // get transparent fill so they don't cover the map
      svg.querySelectorAll('[class="undefined"]').forEach(function (el) {
        el.setAttribute("fill", "transparent");
      });
      svg.querySelectorAll(sel).forEach(function (el) {
        var tag = el.tagName.toLowerCase();
        if (tag === "rect") {
          el.setAttribute("x", parseFloat(el.getAttribute("x") || 0) + shift);
        } else if (tag === "circle") {
          el.setAttribute("cx", parseFloat(el.getAttribute("cx") || 0) + shift);
        } else if (tag === "g") {
          var t = el.getAttribute("transform") || "";
          el.setAttribute(
            "transform",
            t.replace(/translate\(([^,)]+)/, function (_, x) {
              return "translate(" + (parseFloat(x) + shift);
            }),
          );
        }
      });
    }
    },
    "borderColor": "#ffffff",
    "backgroundColor": "#ffffff",
    "width": null,
    "height": 428,
    "spacing": [
      10,
      10,
      30,
      10
    ],
    "style": {
      "fontFamily": "Inter, Helvetica Neue, Helvetica, Arial, sans-serif"
    },
    "zoomType": "xy",
    "type": "column",
    "inverted": true,
    "renderTo": "container-6090",
    "spacingBottom": 40
  },
  "title": {
    "style": {
      "fontSize": "14px",
      "fontWeight": "bold",
      "color": "#000000"
    },
    "align": "left",
    "text": "Bevölkerung nach höchster abgeschlossener Ausbildung"
  },
  "subtitle": {
    "style": {
      "fontSize": "12px",
      "color": "#000000"
    },
    "align": "left",
    "useHTML": true,
    "text": "Personen ab 15 Jahren nach Staatsangehörigkeit, Basel-Stadt, gepoolte&nbsp;Daten 2019 bis 2023"
  },
  "navigation": {
    "menuItemStyle": {
      "fontFamily": "-apple-system, BlinkMacSystemFont, \"Segoe UI\", Roboto, Helvetica, Arial, \"Apple Color Emoji\", \"Segoe UI Emoji\", \"Segoe UI Symbol\", sans-serif",
      "padding": "2px 10px"
    }
  },
  "plotOptions": {
    "series": {
      "borderWidth": 0,
      "dataLabels": {
        "style": {
          "fontSize": "10px"
        }
      },
      "stacking": "percent"
    }
  },
  "yAxis": {
    "tickInterval": 20,
    "gridLineColor": "#B9CFD7",
    "gridLineWidth": 0.5,
    "lineColor": "#B9CFD7",
    "title": {
      "style": {
        "color": "#000000",
        "fontSize": null
      },
      "text": null
    },
    "labels": {
      "format": "{value}%",
      "style": {
        "color": "#000000",
        "whiteSpace": "nowrap",
        "textOverflow": "none"
      }
    }
  },
  "tooltip": {
    "pointFormat": "\u003Cspan style=\"color:{point.color}\"\u003E●\u003C\u002Fspan\u003E {series.name}: \u003Cb\u003E{point.y:,.0f}\u003C\u002Fb\u003E ({point.percentage:,.1f}%)\u003Cbr\u002F\u003E",
    "shared": false
  },
  "credits": {
    "enabled": true,
    "style": {
      "color": "#000000",
      "fontSize": "10px",
      "cursor": "default"
    },
    "position": {
      "align": "left",
      "verticalAlign": "bottom",
      "x": 10,
      "y": -25
    },
    "text": "Quelle: Bundesamt für Statistik (BFS), Strukturerhebung (SE).\u003Cbr\u002F\u003EZuletzt geändert: 19.11.2025"
  },
  "legend": {
    "layout": "horizontal",
    "verticalAlign": "top",
    "itemMarginBottom": 5,
    "align": "left",
    "useHTML": false,
    "itemStyle": {
      "fontWeight": "normal",
      "textOverflow": null
    },
    "symbolRadius": 0,
    "labelFormatter": function () {
            return this.name.replace('/ ', '/<br/>');
        },
    "itemDistance": 5,
    "enabled": true
  },
  "exporting": {
    "filename": "6090"
  }
}