Jahr	Gundeldingen	Gundeldingen 95% Konfidenzintervall Untergrenze	Gundeldingen 95% Konfidenzintervall Obergrenze	Basel-Stadt	Basel-Stadt 95% Konfidenzintervall Untergrenze	Basel-Stadt 95% Konfidenzintervall Obergrenze
2011	0.167668	0.135808	0.199528	0.180876	0.171271	0.190481
2015	0.177112	0.141175	0.21305	0.181321	0.170716	0.191926
2019	0.247141	0.209561	0.284722	0.222766	0.211885	0.233648
2023	0.18972	0.155318	0.224121	0.209053	0.198281	0.219825
