Jahr	Gundeldingen	Gundeldingen 95% Konfidenzintervall Untergrenze	Gundeldingen 95% Konfidenzintervall Obergrenze	Basel-Stadt	Basel-Stadt 95% Konfidenzintervall Untergrenze	Basel-Stadt 95% Konfidenzintervall Obergrenze
2013	0.774747	0.712912	0.836581	0.20879	0.20015	0.217429
2017	0.891632	0.828029	0.955234	0.159916	0.151978	0.167855
2022	0.872691	0.811085	0.934297	0.169766	0.161175	0.178356

