Jahr	Gundeldingen	Gundeldingen 95% Konfidenzintervall Untergrenze	Gundeldingen 95% Konfidenzintervall Obergrenze	Basel-Stadt	Basel-Stadt 95% Konfidenzintervall Untergrenze	Basel-Stadt 95% Konfidenzintervall Obergrenze
2011	0.763793	0.685533	0.842053	0.879984	0.862442	0.897526
2015	0.757718	0.668871	0.846565	0.903078	0.884232	0.921924
2019	0.78895	0.727029	0.85087	0.851888	0.834106	0.869671
2023	0.774126	0.700812	0.84744	0.858543	0.841388	0.875698

