"GeoID"	"Erreichbare Freiraumfläche pro Person
61002	12.870541389739774
61003	11.18548245253394
61004	9.057746529139099
61005	8.847270539370108
61006	1.8210666309497145
61007	4.284323567311403
61008	0
61011	8.563280101887024
61012	8.445668988013782
61013	8.775210967387219
61014	7.726794223235715
61015	7.801578568261953
61016	7.472866336794118
61018	2.083527389049983
61019	3.377432488384989
61020	4.32230179539149
61021	3.0048306171724786
61022	0.6745511959261398
61023	1.6419438382218259
61024	1.6631474878707535
61025	4.82051185381446
62001	7.435215633802585
62002	8.037852538748984
62003	3.973052024603313
62004	1.6074816201268298
62005	1.5083142691250326
62006	1.4800866908733568
62007	1.3258294773680526
62008	0.9123203448832722
62009	1.514857228726057
62010	1.4904042299332345
62011	1.6438897705289608
62012	2.159921305529067
62013	1.3346457569279828
62014	1.0252062410301146
62015	0.9482492215144896
62016	1.3135495491336262
62017	1.3512426708082828
62018	1.5008422740090541
62019	1.4814083295568177
62020	1.638112091868981
62021	0.748492855109481
62022	1.5052305477392063
63001	0.7788325631522315
63002	0.564849378823779
63003	0.7171163891993069
63004	0.6649790276839572
63005	3.9355041729959073
63006	0.33805954870366073
63007	0.3383465239958412
63008	1.1294607009961044
63009	1.0949337721431545
63010	0.33834652401887877
63011	0.3383465240394469
63012	0.33834652400110693
63013	1.4852054828595038
63014	1.3167963810295225
63015	0.42117646793614133
