Jahr	Gundeldingen	Gundeldingen 95% Konfidenzintervall Untergrenze	Gundeldingen 95% Konfidenzintervall Obergrenze	Basel-Stadt	Basel-Stadt 95% Konfidenzintervall Untergrenze	Basel-Stadt 95% Konfidenzintervall Obergrenze
2011	0.205704	0.195662	0.215747	0.193969	0.160388	0.22755
2015	0.203265	0.192274	0.214255	0.211638	0.173969	0.249307
2019	0.265886	0.25442	0.277353	0.309188	0.268186	0.35019
2023	0.262885	0.251287	0.274483	0.250146	0.211971	0.288321

