Jahr	Gundeldingen	Gundeldingen 95% Konfidenzintervall Untergrenze	Gundeldingen 95% Konfidenzintervall Obergrenze	Basel-Stadt	Basel-Stadt 95% Konfidenzintervall Untergrenze	Basel-Stadt 95% Konfidenzintervall Obergrenze
2011	0.167166	0.135148	0.199184	0.180536	0.171002	0.190071
2015	0.170602	0.135613	0.20559	0.182472	0.171888	0.193055
2019	0.251759	0.213496	0.290022	0.229469	0.218447	0.240492
2023	0.172887	0.13969	0.206084	0.214961	0.20415	0.225771
