Jahr	Innenstadt	Am Ring	St. Alban Breite	St. Johann	Gundeldingen	Bruderholz	Unteres Kleinbasel	Oberes Kleinbasel	Riehen Bettingen	Basel-Stadt
2003	97.222222222222	96.202531645569	93.877551020408	95.495495495495	93.525179856115	95.348837209302	92.613636363636	97.122302158273	99.137931034482	95.791583166332
2005	98.936170212765	95.936794582392	96.666666666666	94.782608695652	97.560975609756	97.802197802197	93.406593406593	88.59649122807	100	96.026490066225
2007	93.827160493827	96.305418719211	95.031055900621	97.321428571428	95.3125	91.954022988505	93.264248704663	97.794117647058	97.560975609756	95.692511597084
2011	95.522388059701	97.241379310344	97.674418604651	99.019607843137	98.333333333333	96.875	98.351648351648	99.099099099099	99.567099567099	98.021108179419
2015	97.101449275362	97.584541062801	97.53086419753	95.833333333333	98.373983739837	93.577981651376	93.333333333333	96.899224806201	98.695652173913	96.879150066401
