Jahr	Schweiz	Ausland	18-29 J.	30-39 J.	40-49 J.	50-59 J.	60-69 J.	>69 J.	Männer	Frauen	Total
2003	25.793958171959	27.669902912621	28.365384615384	22.649572649572	25.187969924812	21.88679245283	32.780082987551	26.148409893992	27.245949926362	25.061124694376	26.052104208416
2005	21.384615384615	27.142857142857	32.735426008968	21.238938053097	20.748299319727	17.424242424242	18.595041322314	23.75478927203	22.190611664295	22.180916976456	22.185430463576
2007	24.26746806912	25.842696629213	31.132075471698	28.651685393258	23.628691983122	22.021660649819	19.540229885057	24.418604651162	25.685425685425	23.406862745098	24.453280318091
2011	33.256528417818	34.11214953271	34.636871508379	33.333333333333	33.333333333333	32.720588235294	28.136882129277	36.802030456852	35.459940652818	31.710213776722	33.377308707124
2015	32.108027006751	42.196531791907	36.082474226804	40.833333333333	34.482758620689	36.996336996336	29.341317365269	31.102362204724	36.482558139534	30.562347188264	33.266932270916
