Jahr	Innenstadt	Am Ring	St Alban	Unteres Kleinbasel	Oberes Kleinbasel	Riehen-Bettingen	Basel-Stadt
2003	85.915492957746	85.384615384615	87.755102040816	89.080459770114	82.73381294964	87.5	85.819892473118
2005	91.489361702127	84.162895927601	83.221476510067	83.42541436464	85.840707964601	92.893401015228	86.369680851063
2007	91.358024691358	86.881188118811	91.925465838509	76.315789473684	90.37037037037	89.268292682926	86.791194129419
2011	95.384615384615	88.965517241379	92.98245614035	86.111111111111	92.792792792792	91.703056768558	90.258449304174
2015	97.101449275362	89.512195121951	89.440993788819	91.891891891891	88.28125	91.703056768558	89.832775919732
