Jahr	Innenstadt	Am Ring West	St. Alban, Breite	St. Johann	Gundeldingen	Bruderholz	Unteres Kleinbasel	Oberes Kleinbasel	Bettingen & Riehen	Basel-Stadt
2003	70.833333333333	79.84693877551	76.190476190476	75.675675675675	81.294964028776	78.823529411764	78.977272727272	74.63768115942	80.172413793103	78.28418230563
2005	84.042553191489	81.941309255079	85.333333333333	79.130434782608	84.552845528455	84.615384615384	74.175824175824	77.19298245614	81.818181818181	81.258278145695
2007	66.25	72.839506172839	70.186335403726	72.072072072072	84.375	79.310344827586	69.791666666666	83.088235294117	75.121951219512	74.352159468438
2011	71.641791044776	78.620689655172	79.06976744186	83.333333333333	80	73.958333333333	73.076923076923	80.90909090909	81.385281385281	78.415841584158
2015	76.811594202898	76.39902676399	67.901234567901	82.5	78.861788617886	75.229357798165	71.621621621621	79.06976744186	80.786026200873	76.533333333333
