Jahr	Schweiz	Ausland	18-29 J.	30-39 J.	40-49 J.	50-59 J.	60-69 J.	>69 J.	Männer	Frauen	Total
2003	94.327894327894	92.682926829268	96.618357487922	95.726495726495	95.471698113207	96.590909090909	92.116182572614	88.967971530249	95.703703703703	92.778457772337	94.101876675603
2005	94.688221709006	94.761904761904	95.964125560538	95.575221238938	97.269624573378	93.181818181818	91.735537190082	94.252873563218	95.448079658605	94.044665012406	94.698475811795
2007	94.277108433734	96.629213483146	96.682464454976	96.045197740112	95.762711864406	95.667870036101	94.63601532567	90.697674418604	95.670995670995	93.60393603936	94.555112881806
2011	92.467332820906	95.327102803738	96.648044692737	92.98245614035	95.358649789029	95.20295202952	89.733840304182	90.101522842639	94.807121661721	91.319857312722	92.871287128712
2015	91.284748309541	91.860465116279	95.876288659793	91.666666666666	92.528735632183	93.014705882352	93.093093093093	87.968441814595	92.721979621542	90.196078431372	91.350632069194
