Jahr	Schweiz	Ausland	18-29 J.	30-39 J.	40-49 J.	50-59 J.	60-69 J.	>69 J.	Männer	Frauen	Total
2003	94.03563129357	92.233009708737	96.153846153846	95.726495726495	95.112781954887	96.226415094339	92.116182572614	88.33922261484	95.139911634756	92.665036674816	93.7875751503
2005	94.615384615384	94.761904761904	95.964125560538	95.575221238938	96.938775510204	93.181818181818	91.735537190082	94.252873563218	95.448079658605	93.928128872366	94.635761589403
2007	94.064613072877	96.629213483146	96.226415094339	95.505617977528	95.358649789029	95.667870036101	94.63601532567	90.697674418604	95.670995670995	93.259803921568	94.367130550033
2011	92.396313364055	95.327102803738	96.648044692737	92.98245614035	95.358649789029	94.85294117647	89.733840304182	90.101522842639	94.807121661721	91.211401425178	92.810026385224
2015	91.147786946736	91.329479768786	95.876288659793	91.666666666666	92.528735632183	92.673992673992	92.814371257485	87.795275590551	92.587209302325	89.975550122249	91.168658698539
