Jahr	Schweiz	Ausland	18-29 J.	30-39 J.	40-49 J.	50-59 J.	60-69 J.	>69 J.	Männer	Frauen	Total
2003	92.868217054263	91.26213592233	87.922705314009	90.17094017094	93.60902255639	96.226415094339	92.53112033195	93.99293286219	94.256259204712	91.309669522643	92.647058823529
2005	94.919168591224	92.857142857142	95.515695067264	92.477876106194	94.557823129251	93.181818181818	93.388429752066	98.461538461538	95.874822190611	93.548387096774	94.632206759443
2007	94.440270473328	93.75	92.924528301886	91.573033707865	93.617021276595	94.584837545126	95.402298850574	96.220930232558	94.805194805194	93.980343980343	94.359654943596
2011	95.541890853189	92.990654205607	96.08938547486	94.152046783625	95.358649789029	93.014705882352	95.817490494296	96.18320610687	96.439169139465	94.173602853745	95.181518151815
2015	94.440270473328	95.348837209302	94.845360824742	88.235294117647	95.977011494252	95.220588235294	94.594594594594	95.07874015748	95.626822157434	93.635250917992	94.544244843646
