Jahr	CO2-Emissionen pro Kopf	Tonnen CO2	Bevölkerung
2010	4.67898947481825	898113.313733465	191946
2012	4.31285373363999	831949.485219155	192900
2014	3.85083476363092	755094.785461333	196086
