Branche	Basel-Stadt	Basel-Landschaft	Zürich	sortierung	MW_Einw_BS	MW_Einw_BL	MW_Einw_ZH	Patente_BS	Patente_BL	Patente_ZH
Chemische Industrie	0.203052123871167	0.121580687712888	3.85356317994416E-02	1	186852.2	262755	1238318.6	37.94073606	31.9459336	47.71938962
Pharmazeutische Industrie	0.318413896759043	0.25017661387985	3.92193885967634E-02	2	186852.2	262755	1238318.6	59.49633712	65.73515618	48.56609838
Elektronik. Optik und Maschinenbau	0.102714474434874	0.161724239310384	0.319768448620573	3	186852.2	262755	1238318.6	19.19242552	42.4938525	395.97521762
Medizinaltechnik	3.46627470267944E-02	5.05045887613937E-02	4.05095020619088E-02	4	186852.2	262755	1238318.6	6.47681054	13.27033322	50.16366988
Total	0.696061700210112	0.648910511388936	0.552432051945275	5	186852.2	262755	1238318.6	130.06066002	170.50448142	684.08688516
