Jahr	Bereich Gesundheit
2004	991605.65012
2005	1009222.56998
2006	1029408.74724
2007	1050935.24944
2008	589784.36374707
2009	648018.727380859
2010	633401.121765625
2011	649368.992197266
2012	885054.133893555
2013	605162.011183594
2014	607409.947078125
