Jahr	Nettoschulden pro Kopf in Franken (linke Achse)	Nettoschuldenquote in ‰ (rechte Achse))
2006	12230.9937911601	4.73230268766426
2007	14875.500350445	5.47021580300814
2008	14389.8349904802	5.11291971406451
2009	13036	4.5534495412844
2010	9495	3
2011	8916	3.5
2012	10631	3.5
2013	10450	3.2
2014	9944	3
2015	9313	2.9
