	Ja	Nein	Weiss nicht	Keine Angabe
2015	611.45508	890.54682	3.99810	
2019	682.27977	1347	27.59855	51.59352
2023	698.13722	1034	35.50868	286.76015