Jahr	Schweiz	Ausland	18-29 J.	30-39 J.	40-49 J.	50-59 J.	60-69 J.	>69 J.	Männer	Frauen	Total
2003	68.164213787761	62.6213592233	55.288461538461	70.51282051282	66.917293233082	76.226415094339	71.369294605809	62.544169611307	69.513991163475	65.647921760391	67.401469605878
2005	68.692307692307	75.714285714285	63.677130044843	73.008849557522	71.088435374149	73.10606060606	69.008264462809	67.43295019157	74.25320056899	65.675340768277	69.668874172185
2007	63.711495116453	69.662921348314	59.43396226415	67.415730337078	69.620253164556	64.620938628158	73.180076628352	55.523255813953	71.428571428571	58.455882352941	64.413518886679
2011	76.881720430107	81.308411214953	75.418994413407	77.19298245614	80.168776371308	82.720588235294	80.988593155893	71.065989847715	82.195845697329	73.75296912114	77.506596306068
2015	72.918229557389	80.346820809248	80.41237113402	78.333333333333	76.436781609195	79.853479853479	76.347305389221	65.551181102362	78.052325581395	70.171149144254	73.771580345285
