Jahr	Siedlungsabfälle pro Kopf	Abfall	Bevölkerung
2006	179.412861037744	33692.3	187792
2007	177.509574468085	33371.8	188000
2008	171.24174386461	32459.9	189556
2009	186.004244949296	35492.4	190815
2010	177.853657513928	33934.3	190799
2011	164.864428663654	31666.5	192076
2012	168.040773497227	32509	193459
2013	162.806522083915	31822	195459
2014	164.811091713281	32380.6	196471
2015	157.872558365956	31133.1	197204
