Branche	Basel-Stadt	Basel-Landschaft	Zürich	sortierung	MW_Einw_BS	MW_Einw_BL	MW_Einw_ZH	Patente_BS	Patente_BL	Patente_ZH
Chemische Industrie	0.182663779536024	0.102614514913152	0.063013016992523	1	186044	269285.8	1309646.6	33.9835002	27.63263174	82.52478346
Pharmazeutische Industrie	0.450363236976199	0.285530008637663	4.27376132461994E-02	2	186044	269285.8	1309646.6	83.78737806	76.8891768	55.97116988
Elektronik. Optik und Maschinenbau	0.147834530433661	0.172382728758813	0.346166562949119	3	186044	269285.8	1309646.6	27.50372738	46.42022102	453.3558622
Medizinaltechnik	5.41211514480445E-02	0.078012297789189	5.32347678984544E-02	4	186044	269285.8	1309646.6	10.0689155	21.00760402	69.71873278
Total	0.881760490314119	0.702232811978946	0.626657982634399	5	186044	269285.8	1309646.6	164.04624866	189.10132456	820.70049632
