Branche	Basel-Stadt	Basel-Landschaft	Zürich	sortierung	MW_Einw_BS	MW_Einw_BL	MW_Einw_ZH	Patente_BS	Patente_BL	Patente_ZH
Chemische Industrie	0.180692975339755	0.031734116712234	0.051026630011517	1	186991.25	276239.25	1399894.25	33.788005325	8.7662086	71.43188595
Pharmazeutische Industrie	0.41476682211066	0.164027800810348	2.72584317351114E-02	2	186991.25	276239.25	1399894.25	77.557766525	45.310916675	38.15892185
Elektronik. Optik und Maschinenbau	0.145802400513393	0.144146855126489	0.31815194512014	3	186991.25	276239.25	1399894.25	27.263773125	39.81901915	445.3790786
Medizinaltechnik	7.94592955552733E-02	0.104271368840597	4.82803337466384E-02	4	186991.25	276239.25	1399894.25	14.858193	28.803844725	67.5873616
Total	0.895595489895918	0.490443825777836	0.559869149026793	5	186991.25	276239.25	1399894.25	167.46852015	135.4798346	783.757602475
