Branche	Basel-Stadt	Basel-Landschaft	Zürich
Chemische Industrie	0.203052123871167	0.121580687712888	0.0385356317994416
Elektronik. Optik und Maschinenbau	0.102714474434874	0.161724239310384	0.319768448620573
Medizinaltechnik	0.0346627470267944	0.0505045887613937	0.0405095020619088
Pharmazeutische Industrie	0.318413896759043	0.25017661387985	0.0392193885967634
