Jahr	Schweiz	Ausland	18-29 J.	30-39 J.	40-49 J.	50-59 J.	60-69 J.	>69 J.	Männer	Frauen
2003	300	51.010101010101	49.268292682926	38.793103448275	45.5938697318	44.318181818181	52.5	52.788104089219	50.822122571001	44.264339152119
2005	254.807692307692	44.230769230769	38.914027149321	37.219730941704	32.764505119453	36.015325670498	55.042016806722	51.968503937007	45.598845598845	38.393977415307
2007	305.813953488372	39.53488372093	36.842105263157	37.5	37.339055793991	42.435424354243	37.354085603112	46.084337349397	45.066273932253	36.0450563204
2011	357.619047619047	58.571428571428	56.983240223463	51.176470588235	58.649789029535	53.333333333333	61.776061776061	62.857142857142	63.363363363363	54.196642685851
2015	433.529411764705	64.117647058823	60.416666666666	51.26050420168	54.06976744186	56.666666666666	54.711246200607	61.303462321792	62.946428571428	52.546583850931
