Jahr	Schweiz	Ausland	18-29 J.	30-39 J.	40-49 J.	50-59 J.	60-69 J.	>69 J.	Männer	Frauen	Total
2003	78.071539657853	83.495145631067	83.091787439613	73.076923076923	72.452830188679	77.735849056603	83.75	83.274021352313	81.737849779086	76.383763837638	78.82037533512
2005	82.973805855161	80.382775119617	87.892376681614	75.111111111111	76.79180887372	83.712121212121	84.297520661157	88.461538461538	84.736091298145	80.76923076923	82.614465826144
2007	80.225563909774	81.714285714285	85.849056603773	77.966101694915	73.504273504273	77.25631768953	81.609195402298	84.593023255813	80.607814761215	80.22113022113	80.398671096345
2011	83.692307692307	86.448598130841	87.150837988826	78.362573099415	80.93220338983	84.191176470588	85.551330798479	86.005089058524	85.119047619047	83.254156769596	84.081902245706
2015	85.240963855421	90.751445086705	90.625	81.666666666666	79.310344827586	82.783882783882	87.048192771084	89.130434782608	86.734693877551	85.153374233128	85.876082611592
