Jahr	Schweiz	Ausland	18-29 J.	30-39 J.	40-49 J.	50-59 J.	60-69 J.	>69 J.	Männer	Frauen	Total
2003	79.055118110236	83.495145631067	83.495145631067	74.347826086956	73.003802281368	78.326996197718	85.169491525423	84.172661870503	82.835820895522	77.047146401985	79.674796747967
2005	83.61801242236	81.159420289855	87.892376681614	75.446428571428	77.319587628865	84.03041825095	85.355648535564	90.196078431372	85.100286532951	81.68130489335	83.277591973244
2007	81.079027355623	82.183908045977	86.255924170616	78.857142857142	74.137931034482	77.818181818181	82.558139534883	85.840707964601	81.432748538011	81.017369727047	81.208053691275
2011	84.406516679596	86.448598130841	88.135593220338	78.823529411764	81.27659574468	84.814814814814	85.877862595419	86.889460154241	85.500747384155	84.052757793764	84.697272122421
2015	86.280487804878	90.751445086705	91.578947368421	81.666666666666	79.768786127167	83.703703703703	88.379204892966	90.2	87.758112094395	85.997521685254	86.801346801346
