Jahr	Anzahl Lebensmittelbetriebe	Anzahl durchgeführte Inspektionen	davon als mangelhaft/schlecht beurteilt (in %)
2010	2313	1155	9.33852140077821
2011	2542	1288	7.98583792289536
2012	2657	1287	8.09183289424163
2013	2759	1269	8.30010873504893
2014	2797	1158	8.18734358240972
2015	2872	1163	7.90389972144847
