Jahr	Anzahl Lebensmittelbetriebe	Anzahl durchgeführte Inspektionen	davon als mangelhaft/schlecht beurteilt (in %)	davon als mangelhaft/schlecht beurteilt (abs) 
2010	2313	1155	18.7012987012987	216
2011	2542	1288	15.7608695652174	203
2012	2657	1287	16.7055167055167	215
2013	2759	1269	18.0457052797478	229
2014	2797	1158	19.7754749568221	229
2015	2872			
