Jahr	Anzahl durchgeführte Inspektionen	davon als mangelhaft/schlecht beurteilt (in %)	davon als mangelhaft/schlecht beurteilt (abs) 	Anzahl Lebensmittelbetriebe
2010	1155	18.7012987012987	216	2313
2011	1288	15.7608695652174	203	2542
2012	1287	16.7055167055167	215	2657
2013	1269	18.0457052797478	229	2759
2014	1158	19.7754749568221	229	2797
2015				2872
