Jahr	Anzahl Lebensmittelbetriebe	davon als mangelhaft/schlecht beurteilt (in %)	Anzahl durchgeführte Inspektionen
2010	2313	9.33852140077821	1155
2011	2542	7.98583792289536	1288
2012	2657	8.09183289424163	1287
2013	2759	8.30010873504893	1269
2014	2797	8.18734358240972	1158
2015	2872	7.90389972144847	1163
