Jahr	Innenstadt	Am Ring	St. Alban Breite	St. Johann	Gundeldingen	Bruderholz	Unteres Kleinbasel	Oberes Kleinbasel	Riehen Bettingen	Basel-Stadt
2003	68.055555555555	76.844783715012	71.03448275862	73.636363636363	70.072992700729	73.255813953488	70.689655172413	80.434782608695	79.130434782608	74.747474747474
2005	76.595744680851	80.227272727272	76.190476190476	66.666666666666	79.674796747967	75.824175824175	68.333333333333	80.701754385964	75.252525252525	76.215856095936
2007	74.025974025974	79.259259259259	75	67.272727272727	84.126984126984	78.160919540229	73.958333333333	80.597014925373	80.882352941176	77.658862876254
2011	70.149253731343	84.953703703703	78.947368421052	86.274509803921	83.333333333333	80	81.767955801104	89.090909090909	84.279475982532	83.078964830789
2015	79.411764705882	81.188118811881	78.75	82.5	80.833333333333	83.333333333333	81.632653061224	85.15625	87.719298245614	82.467970330411
