Jahr	Schweiz	Ausland	18-29 J.	30-39 J.	40-49 J.	50-59 J.	60-69 J.	>69 J.	Männer	Frauen	Total
2003	86.878881987577	84.390243902439	90.384615384615	89.69957081545	91.72932330827	87.121212121212	84.166666666666	77.659574468085	90.694239290989	83.088235294117	86.537173476222
2005	88.461538461538	90.430622009569	93.273542600896	92.444444444444	89.795918367346	88.257575757575	84.710743801652	84.674329501915	90.74074074074	86.988847583643	88.734261100066
2007	86.616541353383	86.516853932584	92.452830188679	91.573033707865	89.451476793248	88.086642599277	83.908045977011	79.300291545189	88.439306358381	85.049019607843	86.604774535809
2011	88.316679477325	85.514018691588	93.296089385474	93.567251461988	92.405063291139	86.715867158671	85.551330798479	82.741116751269	88.87240356083	87.158145065398	87.920792079207
2015	86.907449209932	84.971098265895	95.876288659793	91.666666666666	87.35632183908	85.347985347985	92.469879518072	80.434782608695	89.63503649635	84.210526315789	86.684420772303
