Jahr	Schweiz	Ausland	18-29 J.	30-39 J.	40-49 J.	50-59 J.	60-69 J.	>69 J.	Männer	Frauen	Total
2003	86.676994577846	83.980582524271	90.384615384615	89.316239316239	91.72932330827	86.792452830188	83.817427385892	77.3851590106	90.427098674521	82.885085574572	86.30594522378
2005	88.461538461538	90	93.273542600896	92.035398230088	89.795918367346	88.257575757575	84.710743801652	84.674329501915	90.611664295874	86.988847583643	88.675496688741
2007	86.551465063861	86.516853932584	92.452830188679	91.573033707865	89.451476793248	88.086642599277	83.908045977011	79.06976744186	88.311688311688	85.049019607843	86.547382372432
2011	88.248847926267	85.514018691588	93.296089385474	93.567251461988	92.405063291139	86.397058823529	85.551330798479	82.741116751269	88.87240356083	87.054631828978	87.862796833773
2015	86.646661665416	84.971098265895	95.876288659793	91.666666666666	87.35632183908	85.347985347985	91.91616766467	80.11811023622	89.244186046511	84.107579462102	86.454183266932
