Jahr	Sehr gut	Eher gut	Eher schlecht	Ganz schlecht	keine Angaben
2003 (N=1497)	0.064796259185	0.520374081496	0.191716766867	0.027388109552	0.195724782899
2005 (N=1510)	0.056953642384	0.564900662251	0.192715231788	0.025165562913	0.160264900662
2007 (N=1509)	0.037110669317	0.490390987408	0.259111994698	0.031809145129	0.181577203445
2011 (N=1516)	0.089050131926	0.624670184696	0.182058047493	0.02506596306	0.079155672823
2015 (N=1506)	0.085657370517	0.596281540504	0.215139442231	0.026560424966	0.076361221779
