Jahr	Altersquote	20-64 Jährige	65 und älter
2006	32.632972404195	117844	38456
2007	32.670111025612	118261	38636
2008	32.366713492541	119592	38708
2009	32.024923669188	120528	38599
2010	31.904268974369	120755	38526
2011	31.668412610076	122188	38695
2012	31.466675324886	123197	38766
2013	31.209603695209	124702	38919
2014	31.07486507386	125439	38980
2015	30.932563815156	125793	38911
