Jahr	Note 1	Note 2	Note 3	Note 4	Note 5	Note 6	Note 7	Note 8	Note 9	Note 10	Notendurchschnitt	Total ohne weiss nicht
2003	0.338524035206	0.203114421123	0.947867298578	1.557210561949	9.275558564658	9.749492213947	23.764387271496	38.997968855788	7.041299932295	8.124576844955	7.376438727149	1477
2005	0.333333333333	0.266666666666	1.133333333333	2	9.333333333333	9.533333333333	24.2	36.4	10	6.8	7.347333333333	1500
2007	0.333333333333	0.266666666666	0.866666666666	1.733333333333	7.6	8.666666666666	24.8	38.066666666666	10.666666666666	7	7.445333333333	1500
2011	0.462656972901	0.264375413086	0.859220092531	1.321877065432	6.345009914077	6.146728354263	21.612690019828	38.466622604097	11.103767349636	13.417052214144	7.705882352941	1513
2015	0.268636668905	0.134318334452	0.940228341168	1.074546675621	6.245802552048	6.245802552048	18.871725990597	39.623908663532	14.97649429147	11.618535930154	7.764271323035	1489
