Jahr	Gebäude	Verkehrsfläche	Grünfläche	Gewässer	überige Bodenversiegelung
2016	6043588.96731154	6392486.69566555	18731662.7231807	1337681.55503446	4448532.24764792
