jahr	Leerwohnungsquote in %	Leerwohnungen	Wohnungen
1998	1.52	1578	103871
1999	1.54	1602	103983
2000	1.31	1360	104092
2001	1.41	1466	104024
2002	1.33	1383	104263
2003	1.36	1420	104348
2004	1.44	713	104399
2005	1.52	1586	104376
2006	1.41	1471	104628
2007	1.4	1468	104742
2008	1.24	1294	104743
2009	0.92	969	104798
2010	0.74	783	105078
2011	0.5	522	105266
2012	0.47	500	105764
2013	0.34	361	105921
2014	0.23	245	107270
2015	0.336533979677	361	107270
2016	0.416770398237	452	108453
