jahr	Leerstandquote in %	Leerwohnungen	Wohnungen
2005	1.519506399938	1586	104376
2006	1.405933402148	1471	104628
2007	1.401539019686	1468	104742
2008	1.235404752584	1294	104743
2009	0.924635966335	969	104798
2010	0.745160737737	783	105078
2011	0.495886611061	522	105266
2012	0.472750652395	500	105764
2013	0.340820045127	361	105921
2014	0.228395637177	245	107270
2015	0.336533979677	361	107270
2016	0.416770398237	452	108453
