jahr	Leerstandquote in %	Leerwohnungen	Wohnungen
2005	1.614249363867	1586	98250
2006	1.494205003707	1471	98447
2007	1.490567187214	1468	98486
2008	1.314412831269	1294	98447
2009	0.983966124757	969	98479
2010	0.792839133648	783	98759
2011	0.52778451832	522	98904
2012	0.503104152621	500	99383
2013	0.339902266328	361	106207
2014	0.229068299752	245	106955
2015	0.334324266755	361	107979
2016	0.415479363912	452	108790
