jahr	Leerstandquote in %	Leerwohnungen	Wohnungen
2005	1.614249363867	1586	98250
2006	1.494205003707	1471	98447
2007	1.490567187214	1468	98486
2008	1.314412831269	1294	98447
2009	0.983966124757	969	98479
2010	0.792839133648	783	98759
2011	0.52778451832	522	98904
2012	0.503104152621	500	99383
2013	0.362781255966	361	99509
2014	0.244172256051	245	100339
2015	0.336533979677	361	107270
2016	0.416770398237	452	108453
