A	B	C	D	E	Anz_A	Anz_B	Anz_C	Anz_D	Anz_E	Einwohner
0.646050069120007	0.309783760330162	3.63006165302766E-02	3.04228933533798E-03	8.47602998900134E-04	128051	61401	7195	603	168	198206
