ÖV Klasse	Anteil
A	0.646050069120007
B	0.309783760330162
C	3.63006165302766E-02
D	3.04228933533798E-03
E	8.47602998900134E-04