Jahr	Landwirtschaftliche Nutzfläche in ha
2008	440.5331175
2009	440.5331175
2010	440.5331175
2011	439.241852
2012	438.761816
2013	438.881447
2014	438.881447
2015	410.355883
2016	410.355883
2017	410.665186
