Zuzugsland	 Deutschland	 Italien	 Frankreich	 USA	 UK	 Übriges Ausland
Anz Zuzüger	27903.0303	2907.575758	2884.848485	2883.939394	2853.030303	1261.818182
