"Statistik"	"Zu Fuss"	"Veloverkehr"	"Motorisierter Individualverkehr"	"Öffentlicher Verkehr"	"Übrige"
"Etappen"	51.117499	10.746188	14.590398	22.461751	1.0841634
"Zeit"	41.114885	11.735088	22.493035	23.269901	1.3870899
"Distanz"	7.6795891	6.194898	42.539444	42.599797	0.9862718

