Kategorie	Alle	Männl.	Weibl.	Deutsch	Fremdspr.	Schweiz	Ausland
Gymnasium	0.352559480894016	0.172314347512617	0.180245133381399	0.236481614996395	0.236481614996395	0.274693583273252	7.78658976207642E-02
Andere weiterführende Schulen	9.22855082912761E-02	0.030281182408075	6.20043258832012E-02	0.056957462148522	0.056957462148522	6.20043258832012E-02	0.030281182408075
Brückenangebote/12. Schuljahr	0.30930064888248	0.167988464311464	0.141312184571017	9.30064888248017E-02	9.30064888248017E-02	0.144917087238645	0.164383561643836
Berufliche Grundbildung	0.171593366979092	0.112472963229993	5.91204037490988E-02	8.07498197548666E-02	8.07498197548666E-02	0.108868060562365	6.27253064167267E-02
Andere Lösung/Unbekannt	5.98413842826244E-02	2.37923576063446E-02	3.60490266762797E-02	2.95602018745494E-02	2.95602018745494E-02	3.10021629416006E-02	2.88392213410238E-02
Keine Lösung	1.44196106705119E-02	7.93078586878154E-03	6.48882480173035E-03	5.04686373467916E-03	5.04686373467916E-03	5.76784426820476E-03	8.65176640230714E-03
Total	1	1	1	1	1	1	1
