Jahr	Life Sciences Industrie	Chemische Industrie	Finanz- und Versicherungsdienstl.	Verkehr und Lagerei	Handel und Reparatur	Unternehmens- und freiberufl. Dienstl.	Grundstücks- und Wohnungswesen	Baugewerbe	Öffentliche Verwaltung, Bildung	Gesundheits- und Sozialwesen	Tourismus	Übrige Branchen

2000	23.6313734	3.0932764	15.8819606	5.7922115	8.7841801	9.6130784	0.9124027	3.3840053	7.5221255	6.0472884	1.5928186	13.7452792

2005	34.5619608	2.5779364	11.3303863	5.043195	7.4199285	10.5485926	0.8275812	2.4349699	6.9902842	6.0686097	1.1917184	11.004837

2010	39.2402923	1.2708898	10.2988085	4.2680867	8.0010193	9.9766944	0.7670152	2.1466506	6.6995373	5.8655121	1.2596568	10.205837

2015	37.8376439	1.2721025	9.4441746	3.8665986	6.5877612	12.2943222	0.7352673	2.2332662	7.7042977	6.7384968	1.3590218	9.9270474

