Jahr	Life Sciences Industrie	Chemische Industrie	Finanz- und Versicherungsdienstl.	Verkehr und Lagerei	Handel und Reparatur	Unternehmens- und freiberufl. Dienstl.	Grundstücks- und Wohnungswesen	Baugewerbe	Öfentliche Verwaltung, Bildung	Gesundheits- und Sozialwesen	Tourismus	Übrige Branchen
2000	0.236313734	0.030932764	0.158819606	0.057922115	0.087841801	0.096130784	0.009124027	0.033840053	0.075221255	0.060472884	0.015928186	0.137452792
2005	0.345619608	0.025779364	0.113303863	0.05043195	0.074199285	0.105485926	0.008275812	0.024349699	0.069902842	0.060686097	0.011917184	0.11004837
2010	0.392402923	0.012708898	0.102988085	0.042680867	0.080010193	0.099766944	0.007670152	0.021466506	0.066995373	0.058655121	0.012596568	0.10205837
2015	0.378376439	0.012721025	0.094441746	0.038665986	0.065877612	0.122943222	0.007352673	0.022332662	0.077042977	0.067384968	0.013590218	0.099270474
