""	"Total"	"15-24 Jahre"	"50 Jahre und mehr"
"2018"	0.032516	0.038518	0.025099

