Jahr	Erhöhen	Beibehalten	Senken	keine Angaben
2003 (N=1497)	1.26920507682	40.414161656646	58.316633266533	0
2005 (N=1510)	0.662251655629	37.682119205298	61.655629139072	0
2007 (N=1509)	0.331345261762	29.953611663353	69.715043074884	0
2011 (N=1516)	0.857519788918	45.646437994722	50.395778364116	3.100263852242
2015 (N=1506)	1.261620185922	56.440903054448	37.051792828685	5.245683930942
