Jahr	Einbürgerungsziffer (linke Achse)	Ausländeranteil (rechte Achse)
2006	15.1	0.311919571
2007	31	0.313393617
2008	26.7	0.318270063
2009	16.6	0.325844404
2010	11.2	0.328020587
2011	8.7	0.333696037
2012	10.1	0.338712595
2013	13.1	0.345607007
2014	11	0.350072021
2015	13.8	0.352868096
