Jahr	Note 10 männlich	Note 10 weiblich	Note 9 männlich	Note 9 weiblich	Note 8 männlich	Note 8 weiblich	Note 7 männlich	Note 7 weiblich	Note 6 männlich	Note 6 weiblich	Note 5 männlich	Note 5 weiblich	Note 4 männlich	Note 4 weiblich	Note 3 männlich	Note 3 weiblich	Note 2 männilch	Note 2 weiblich	Note 1 Männlich	Note 1 weiblich	Note 10 total	Note 9 total	Note 8 total	Note 7 toal	Note 6 total	Note 5 total	Note 4 total	Note 3 total	Note 2	Note 1	Notendurchschnitt	Total ohne weiss nicht
2003																					8.124576844955	7.041299932295	38.997968855788	23.764387271496	9.749492213947	9.275558564658	1.557210561949	0.947867298578	0.203114421123	0.338524035206	7.376438727149	1477
2005																					6.8	10	36.4	24.2	9.533333333333	9.333333333333	2	1.133333333333	0.266666666666	0.333333333333	7.347333333333	1500
2007																					7	10.666666666666	38.066666666666	24.8	8.666666666666	7.6	1.733333333333	0.866666666666	0.266666666666	0.333333333333	7.445333333333	1500
2011																					13.417052214144	11.103767349636	38.466622604097	21.612690019828	6.146728354263	6.345009914077	1.321877065432	0.859220092531	0.264375413086	0.462656972901	7.705882352941	1513
2015																					11.618535930154	14.97649429147	39.623908663532	18.871725990597	6.245802552048	6.245802552048	1.074546675621	0.940228341168	0.134318334452	0.268636668905	7.764271323035	1489
