"jahr"	"Haushalte"	"Nicht-Wohnen (ohne Verkehr)"	"Verkehr"	"Nicht aufgeteilt"	"CO<sub>2</sub>-Emissionen in Tonnen pro Kopf (rechte Skala)"	"Bevölkerung"
2012	190300.60956	296902.05228	201350.29601	144814.40276	4.3202040467	192900
2014	140867.7166	254792.91661	204406.94145	164454.89411	3.8989140926	196086
2016	134601.29106	245481.82917	204334.64087	157207.3479	3.7469817457	197926
2018	130182.50447	208288.13175	201597.45844	154448.98712	3.4748426667	199870
