"Jahr"	"Männer (Beschäftigte)"	"Frauen (Beschäftigte)"	"Männer (VZÄ)"	"Frauen (VZÄ)"
2011	98013.0000000	85791.0000000	87278.8620560	60450.7357799
2012	99777.0000000	87173.0000000	88204.9574384	60429.2207455
2013	100379.0000000	88375.0000000	88522.0255802	62259.0419696
2014	101828.0000000	89746.0000000	89478.6195408	62836.1881707
2015	100788.0000000	89965.0000000	88446.0040705	63186.4963397

