Jahr	1- und 2-Sterne	3-Sterne	4- und 5-Sterne	Nicht klassiert
Verfügbare Zimmer 2011	415	1 422	1 695	280
Verfügbare Zimmer 2020	506	1 325	1 521	331
Nettozimmerauslastung (rechte Skala) 2011	0.5708766	0.6440697	0.6287900	0.3539588
Nettozimmerauslastung (rechte Skala) 2020	0.2532493	0.3299403	0.2749258	0.2829463
