Jahr	1- und 2-Sterne	3-Sterne	4- und 5-Sterne	Nicht klassiert
Verfügbare Zimmer 2013	566	1 341	1 726	144
Verfügbare Zimmer 2022	506	1 416	1 830	450
Nettozimmerauslastung (rechte Skala) 2013	0.554208379	0.684134686	0.613459063	0.367038778
Nettozimmerauslastung (rechte Skala) 2022	0.478898169	0.553489847	0.531288611	0.449256949