Jahr	1- und 2-Sterne	3-Sterne	4- und 5-Sterne	Nicht klassiert
Verfügbare Zimmer 2016	723	1473	1726	208
Verfügbare Zimmer 2024	590	1520	1995	616
Nettozimmerauslastung (rechte Skala) 2016	0.505207997	0.650162662	0.650075192	0.467044333
Nettozimmerauslastung (rechte Skala) 2024	0.559284293	0.619884966	0.638542341	0.465595119