Jahr	1- und 2-Sterne	3-Sterne	4- und 5-Sterne	Nicht klassiert
Verfügbare Zimmer 2025	554	1 519	2 003	692
Verfügbare Zimmer 2026	497	1 405	2 004	692
Nettozimmerauslastung (rechte Skala) 2025	0.699939831	0.747311827	0.797819936	0.732129094
Nettozimmerauslastung (rechte Skala) 2026	0.601945003	0.795919335	0.810861610	0.768111753
