Jahr	Schweiz	Ausland	Schweiz	Ausland
1934	131 085	173 176	0.430830767	0.569169233
2009	314 033	716 309	0.304785207	0.695214793
2018	458 003	928 496	0.330330566	0.669669434
