Land	Anteil
Schweiz	0.418895600389744
Deutschland	0.142908123982203
Vereinigte Staaten	0.088234943412168
Vereinigtes Königreich	0.048192494020973
Frankreich	0.038498293166534
Niederlande	0.031096904533159
Italien	0.026491690684982
Spanien	0.020351689458515
Indien	0.009323705566117
China, Hongkong, Taiwan	0.005308729039336
Übrige Länder	0.170697825746271
