Jahr	Schweiz	Deutschland	Vereinigte Staaten	Vereinigtes Königreich	Frankreich	Italien	Spanien	Niederlande	Indien	VR China	Übrige Länder
Logiernächte 2011	306478	195333	107913	83728	47407	42214	23998	29277	12612	15713	214630
Logiernächte 2020	265210	87750	19701	19861	25672	11486	6792	14470	4217	2238	65636
Marktanteile (rechte Skala) 2011	0.28395918	0.18098069	0.9998397	0.7757599	0.4392372	0.3911228	0.2223472	0.2712584	0.1168532	0.1455847	0.19885982
Marktanteile (rechte Skala) 2020	0.50706170	0.16777144	0.3766684	0.3797275	0.4908295	0.2196037	0.1298580	0.2766556	0.0806259	0.0427889	0.12549113