Jahr	Schweiz	Deutschland	Vereinigte Staaten	Vereinigtes Königreich	Frankreich	Niederlande	Italien	Spanien	Indien	VR China	Übrige Länder
Logiernächte 2016	406196	167768	123366	101277	52631	26061	48749	27206	14627	19629	230167
Logiernächte 2024	582199	203190	158901	82742	54234	46553	40804	37310	19879	21579	306534
Marktanteile (rechte Skala) 2016	0.333582715284924	0.137777095239542	0.101312581251021	0.0831723026713981	0.0432224637568091	0.0214022273558587	0.0400344262066213	0.0223425423983536	0.0120122167044298	0.0161200384009881	0.189021390730054
Marktanteile (rechte Skala) 2024	0.374663513361327	0.130759206525411	0.102257830976398	0.053247100085268	0.0349012983252087	0.0299583313222968	0.026258667567611	0.0240101678008913	0.0127927667036697	0.0138867705970365	0.197264346734881
