"Jahr"	"CH"	"BS"	"BL"	"ZH"	"BE"	"LU"	"UR"	"SZ"	"OW"	"NW"	"GL"	"ZG"	"FR"	"SO"	"SH"	"AR"	"AI"	"SG"	"GR"	"AG"	"TG"	"TI"	"VD"	"VS"	"NE"	"GE"	"JU"
2016	1.2987132357	0.418572778	0.4721262517	0.8521399861	1.6887564991	1.0498287122	1.3932133622	0.9287802285	0.6146753746	1.3939907695	1.6918319083	0.3446093256	1.2357534381	2.6241926722	1.6810841277	1.9904374004	3.6298107865	1.7729270978	1.5316320503	2.1802567271	1.7967689543	1.2070879166	0.8086972429	1.8115393584	1.1519721203	0.4549874812	2.0929169021
2017	1.45	0.5	0.58	0.9	1.84	1.13	1.92	1.45	0.61	1.55	1.68	0.43	1.34	2.79	2.04	2.02	2.36	1.84	1.71	2.34	2	1.59	0.91	2.25	1.53	0.51	2.28
2018	1.62	0.71	0.76	0.99	1.83	1.44	1.41	1.44	0.7	1.9	1.6	0.44	1.51	2.98	2.47	2.18	1.89	2.2	1.59	2.65	2.42	2.02	1.08	2.37	2.04	0.53	2.56
2019	1.66	1.02	1.06	0.89	1.87	1.51	1.88	1.44	0.87	1.5	1.71	0.42	1.83	3.4	2.56	2.3	2.02	2.18	1.68	2.59	2.65	2.29	1.1	2.09	2.39	0.54	2.59
2020	"."	"."	"."	"."	"."	"."	"."	"."	"."	"."	"."	"."	"."	"."	"."	"."	"."	"."	"."	"."	"."	"."	"."	"."	"."	"."	"."

