Jahr	Bezüger Messe	Bezüger Erlenmatt	Sozialhilfequote Messe	Sozialhilfequote Erlenmatt	Sozialhilfequote Stadt Basel
2017	613	23	12.970799831	1.2253596164	6.670595769
2018	588	35	12.431289641	1.6587677725	6.5221430784
2019	584	28	12.274064733	1.0057471264	6.2857174999
2020	539	11	11.482743928	0.3726287263	6.0926375743
2021	488	9	10.501398752	0.3045685279	5.7306269552
2022	484	5	10.249894113	0.1676727029	5.339934577
