"CityDescr"	"Kernstadt"	"CH Agglomerationsgürtel"	"DE Agglomerationsgürtel"	"FR Agglomerationsgürtel"
Basel	108.25005701	67.13232085	34.785075629	28.126022136
Bern	141.40480036	46.701265438		
Genève	90.512064087	66.527673386		24.642790695
Lausanne	86.433495392	51.74594832		
Zürich	117.28911864	50.483404073		
