Jahr	Kanton Basel-Stadt
2013	42.0196916355610
2014	41.6842969379000
2015	41.4549513199670
2016	41.2785366513380
2017	41.0633678756470
2018	41.0451736277550