Jahr	Wohnviertel Klybeck Kleinhüningen	Wohnviertel Klybeck	Wohnviertel Kleinhüningen
2013	32.3312778002420	31.8266145905980	33.6599338964370
2014	32.0857142857140	31.7784862766840	32.8884462151390
2015	32.0233192004840	31.8502666292450	32.4669064748200
2016	32.0059916725900	31.7752793098570	32.5936599423630
2017	31.9026315789470	31.6809704108820	32.4776282284460
2018	31.8993850186510	31.7660050321490	32.2444846292940