Jahr	Bezüger Kleinhüningen	Bezüger Klybeck	Sozialhilfequote Kleinhüningen	Sozialhilfequote Klybeck	Sozialhilfequote Stadt Basel
2017	318	920	11.181434599	12.680909717	6.670595769
2018	303	924	10.601819454	12.669683258	6.5221430784
2019	263	895	9.3995711222	12.367002902	6.2857174999
2020	262	818	9.3271626913	11.504922644	6.0926375743
2021	293	836	10.658421244	12.025316456	5.7306269552
2022	289	743	10.347296813	10.600656299	5.339934577
