Schuljahr	Klybeck	Kleinhüningen
2014	18.029739777	22.666666667
2015	15.873015873	22.457627119
2016	16.216216216	20.661157025
2017	15.719063545	23.008849558
2018	17.171717172	23.348017621
