JAHR	Familienmietzinsbeiträge	Prämienverbilligungen
2011	2.4385026738	21.497326203
2012	3.2672849916	21.690556492
2013	3.8405036726	21.972717733
2014	4.1009463722	22.523659306
2015	4.4623884403	22.460688483
2016	4.9422336329	23.534445871
2017	4.7801963295	23.431498079
2018	4.9285257094	24.557286111
