Jahr	Sehr gerne	Eher gerne	Eher ungern	Ganz ungern	keine Angaben
2003 (N=1265)	0.657707509881	0.278260869565	0.044268774703	0.015810276679	0.003952569169
2005 (N=1312)	0.615091463414	0.294969512195	0.076981707317	0.009908536585	0.003048780487
2007 (N=1304)	0.621165644171	0.30981595092	0.056748466257	0.009202453987	0.003067484662
2011 (N=1285)	0.68793774319	0.259922178988	0.042023346303	0.010116731517	0
2015 (N=1276)	0.682601880877	0.286833855799	0.021159874608	0.007053291536	0.002351097178
