Beschäftigte	Veränderung 2014-2017
BS	-0.003173708
BL	0.012062333
JU	0.010628019
BS/BL/JU	0.00425002
CH	0.02653384
