"jahr"	"Abfall (nicht erneuerbar)"	"Elektrizität (bezug ausserkantonal)"	"Fern-/Nahwärme  (bezug ausserkantonal)"	"Erdgas"	"Heizöl"	"Treibstoffe"	"Erneuerbare"
2010	449.527804	1254.7354266		1960.6277103	549.45872802	813.83650481	733.8337143
2012	469.1767874	1121.695894		1716.892918	478.82687971	756.19301656	811.69449895
2014	473.2006668	978.378343		1419.632785	394.40897289	767.911986	882.68550071
2016	461.5393	974.612639	5.373957	1475.3440648	302.80371524	767.873269	939.75165685
2018	452.2819552	912.029764	4.345729	1302.403626	273.02334711	757.815644	943.10027636
