"Jahr"	"Wohnen"	"Nichtwohnen"	"Verkehr"
2010	1407.054594	2906.3494251	904.56614297
2012	1830.2522499	2997.8561453	768.19289756
2014	1366.074498	2401.1952486	843.863591
2016	1405.4901407	2405.6666209	853.242907
2018	1396.9330767	2190.8663093	830.892541
2020	1483.789241	2114.4710925	551.871214
