"jahr"	"Wohnen"	"Nichtwohnen"	"Verkehr"	"Umwandler Thermisch"	"Verluste"	"Exporte"
2010	1424.0047062	3061.3654952	903.97442297	1571.627504	182.053	
2012	1546.2	2632.3	835.6	1655.3638011	186.2	
2014	1332.3	2309.4022297	841.2186	1385.2968097	181.049064	
2016	1554.9	2044.8963	853.2817688	1540.5985181	214.90958026	11.900496
2018	1294.5116399	1922.8656253	830.026761	1668.0396494	213.906099	18.579
