"Jahr"	"Wohnen"	"Nichtwohnen"	"Verkehr"
2010	1424.0047062	3059.9454631	901.85788578
2012	1674.70343	2505.869537	833.259159
2014	1467.409197	2174.3273347	841.68114
2016	1563.744917	2035.54092	851.2958588
2018	1519.3602034	1697.5313425	828.251928
2020	1646.3333188	1688.1081022	638.5564485
2022	1420.0538439	1596.2444973	616.981397
