"jahr"	"Erneuerbar"	"Fossil"
2014	20.948869447	79.051130553
2016	23.575889064	76.424110936
2018	23.954216997	76.045783003
