Jahr	Anteil Frauen
2011	0.292741935
2012	0.327034884
2013	0.332390382
2014	0.351165981
2015	0.332358104
2016	0.337537538
2017	0.3429229
2018	0.358608894
2019	0.362527716
2020	0.357182168
