"CityDescr"	"Entwicklung der Gesamtbevölkerung"
Basel	0.5786253503
Bern	0.7537165082
Genf	1.1093561878
Lausanne	1.1417169487
Lugano	0.380748332
Luzern	0.5693894827
St. Gallen	0.3606656998
Zürich	1.0925161271
