"Jahr"	"Wasserkraft"	"Holz"	"Klär- und Biogas"	"Thermische Solarenergie"	"Fotovoltaik"	"Kehricht und Klärschlamm (vollständig erneuerbar)"	"Umweltwärme"
2010	210.2	147.0414	7.35138	7.1650033	3.4	350.623931	15.012
2012	260.3	149.580497	7.50696	9.2759643	6	365.71107765	20.4
2014	282.55	176.54832006	7.51254	11.853544	13.101795	372.01287765	26.156424
2016	279.136815	210.71802892	31.0744	14.71428493	20.858757	377.481412	36.367959
2018	251.1643	198.49612722	34.01	20.12082614	22.660303	380.375647	36.273073
2020	283	323.48253908	27.559384	20.8669364	26.104851	361.70347	45.03035
