"jahr"	"Abfall (vollständig erneuerbar)"	"Holz"	"Klär- und Biogas"	"Photovoltaik"	"Thermische Solarenergie"	"Umweltwärme"	"Wasserkraft"
2010	350.623931	147.0414	0.39138	3.4	7.1650033	15.012	210.2
2012	365.71107765	149.580497	0.42696	6	9.2759643	20.4	260.3
2014	372.01287765	176.54832006	0.46254	13.101795	11.853544	26.156424	282.55
2016	377.481412	210.71802892	0.4744	20.858757	14.71428493	36.367959	279.136815
2018	380.375647	198.49612722	34.01	22.660303	20.12082614	36.273073	251.1643
