"jahr"	"Heizöl"	"Erdgas"	"Elektrizität"	"Fern-/Nahwärme"	"Treibstoffe"	"Sonstiges"
2010	503.116594	1262.9277103	1628.288805	1183.040351	813.83650478	180.9290443
2012	443.12365626	1157.7843572	1545.361385	1147.386792	756.19301656	174.2287087
2014	353.12950264	983.79301066	1440.0999937	971.648939	767.911986	197.08474976
2016	258.23841724	932.60845667	1459.7195868	1107.386108	767.873269	180.05536585
2018	215.70116311	692.60280622	1339.255384	1103.164301	757.815644	164.32590039
2020	198.34706706	694.91957457	1378.3100481	1138.5744191	538.172659	179.05033959
