"jahr"	"Abfall"	"Abwärme"	"Elektrizität"	"Erdgas"	"Fern-/Nahwärme"	"Heizöl"	"Holz"	"Klär- und Biogas"	"Thermische Solarenergie"	"Treibstoffe"	"Umweltwärme"
2010	120.848561	31.438	1628.288805	1262.9277103	1183.040351	503.116594	13.8025	0.39138	7.1650033	813.83650478	7.2836
2012	112.2052874	30.218	1545.361385	1157.7843572	1147.386792	443.12365626	14.502497	0.42696	9.2759643	756.19301656	7.6
2014	113.9811668	40.2	1440.0999937	983.79301066	971.648939	353.12950264	18.22029296	0.46254	11.853544	767.911986	12.367206
2016	87.9963	38.054	1459.7195868	932.60845667	1107.386108	258.23841724	22.03954092	0.4744	14.71428493	767.873269	16.77684
2018	71.50651076	39.531	1339.255384	692.60280622	1103.164301	215.70116311	20.67081399	0	20.06559564	757.815644	12.55198
