"jahr"	"Abfall"	"Erdgas"	"Heizöl"	"Holz"	"Umweltwärme"	"Anteil am Endverbrauch (rechte Skala)"
2014	675.047148	319.753621	41.27947	140.745915	13.789218	25.258786
2016	751.024412	350.85617	44.565298	188.678488	19.591119	28.787711
2018	697.447961	554.641631	57.322184	156.683424	23.721093	34.866915
