"target"	"Abfall"	"Elektrizität"	"Erdgas"	"Fernwärme"	"Fotovoltaik"	"Heizöl"	"Holz"	"Umweltwärme"	"Benzin"	"Diesel"
Wohnen		411.7690256	216.20213245	475.98211087	17.78495753	149.6957644	14.790750023	8.286899		
Nichtwohnen	71.50651076	837.0373584	453.17277677	482.71779756	2.28063811	66.00539871	5.8800639671	4.265081		
Verkehr		49.849	23.227897						358.504373	398.445491
