"target"	"Abfall"	"Elektrizität"	"Erdgas"	"Fernwärme"	"Fotovoltaik"	"Heizöl"	"Holz"	"Umweltwärme"	"Benzin"	"Diesel"
Wohnen		429.79464802	266.16201773	553.57407063	18.18696907	141.2353112	11.816606837	17.33199		
Nichtwohnen	61.45541111	857.96813104	463.77353197	514.32379051	1.93548083	55.680582304	3.2808431634	7.746212		
Verkehr		47.099186	11.499528						224.836548	313.336111
