"ET"	"Wohnen"	"Nichtwohnen"	"Verkehr"
Abfall		71.50651076	
Benzin			358.504373
Diesel			398.445491
Elektrizität	411.7690256	837.0373584	49.849
Erdgas	216.20213245	453.17277677	23.227897
Fernwärme	475.98211087	482.71779756	
Fotovoltaik	17.78495753	2.28063811	
Heizöl	149.6957644	66.00539871	
Holz	14.790750023	5.8800639671	
Umweltwärme	8.286899	4.265081	
