"Verbrauchergruppe"	"Heizöl"	"Erdgas"	"Elektrizität"	"Fernwärme"	"Holz"	"Thermische Solarenergie"	"Umweltwärme"	"Benzin"	"Diesel"
Wohnen	110.451197	341.5323271	360.941684	506.026454	13.973105	25.998992	29.76831648		
Nichtwohnen	34.367878	163.05725986	721.37157924	380.045884	14.367703	2.790846	5.70937098		
Verkehr		7.82363175	58.09973076					190.55182628	353.90607269
