"Jahr"	"Abfall"	"Erdgas"	"Heizöl"	"Treibstoffe"	"Tonnen CO<sub>2 </sub> pro Einwohner (rechte Skala)"
2010	160521.32448	388352.76307	145782.38972	216083.58062	4.7447722687
2012	165266.28402	340072.53118	127042.34772	200798.35374	4.3192302575
2014	174784.41713	281183.30751	104663.35267	203891.3909	3.8989140898
2016	165179.37024	292211.83968	80358.645712	203864.58016	3.7469278205
2018	162912.0902	264695.34681	72455.066764	201178.9528	3.5084863956
2020	156902.00522	250860.43249	67519.360118	142837.0512	3.0671807613
