"jahr"	"Abfall"	"Erdgas"	"Heizöl"	"Treibstoffe"	"Tonen CO<sub>2 </sub> pro Einwohner (rechte Skala)"
2010	158521.98955	388352.76241	145782.38972	216083.58061	4.7346199918
2012	165232.45484	340072.53296	127042.34764	200798.35376	4.3202040467
2014	174784.41713	281183.30807	104663.35265	203891.39092	3.8989140926
2016	165179.37024	292211.83992	80358.64575	203864.58017	3.7469817457
2018	162912.0902	257961.36649	72455.06664	201178.95282	3.4748426667				