"jahr"	"Abfall"	"Erdgas"	"Heizöl"	"Treibstoffe"	"Tonen CO<sub>2 </sub> pro Einwohner (rechte Skala)"
2010	160521.32447640	388352.76307335	145782.38971827	216083.58061830	4.74477227
2012	165266.28401616	340072.53118380	127042.34772466	200798.35373994	4.31923026
2014	174784.41712512	281183.30751240	104663.35266817	203891.39090172	3.89892403
2016	165179.37024000	292211.83967904	80358.64571228	203864.58015912	3.74692309
2018	162912.09019968	264695.34681360	72455.06676423	201178.95279948	3.50848780
2020	156902.00521680	250860.43249200	67519.36011847	142837.05120048	3.06717635
