"jahr"	"Wohnen"	"Nichtwohnen"	"Verkehr"	"Nicht aufgeteilt"
2010	253899.47986	269177.41535	216674.94744	237.31494
2012	190300.60951	296902.05227	201350.29601	0
2014	140867.71658	254792.9166	204406.94145	164454.89411
2016	134601.29099	245481.82917	204334.64087	157207.3479
2018	39568.91825	37629.2986	201597.45844	422455.38645
2020	132102.35516	190130.93567	143013.01412	152881.7658
