"jahr"	"Wohnen"	"Nichtwohnen"	"Verkehr"	"Nicht aufgeteilt"	"Umwandler"	"Verluste, stat Differenzen"	"?"	"Export"
2010	114348.74048	259053.19009	218344.15497	237.31494	38051.38145	0		
2012	190300.60951	295074.07687	203178.27141	-110703.495	-107.64244	0		
2014	129898.17617	249429.08751	206469.82424	-165972.2002		0		
2016	121895.04227	236494.47497	208559.89948	-197401.2916		0	-1355.3925	
2018	118014.17881	201707.47952	205845.16511	-219437.2732	0	0	-5135.28207	0
2020	122661.75218	185563.43634	145289.92066	-204124.7323		0	-3361.76511	0
