"jahr"	"Endenergie total (GWh; 1995 = 100%)"	"kWh pro Franken BIP (1995 = 100%)"	"kWh pro Kopf (1995 = 100%)"	"Endenergie total"	"kWh pro Franken BIP"	"kWh pro Kopf"
1995	100	100	100	5240	0.2733260921	26591.737351
2000	98.473282443	86.743060141	102.96469813	5160	0.2370914164	27380.102091
2004	96.08778626	71.698704334	101.44182729	5035	0.1959712666	26975.144277
2010	106.33853071	65.442915585	111.52026649	5572.1390093	0.1788725637	29655.176358
2012	99.69614343	59.430156582	105.4766851	5224.0779157	0.1624381245	28048.083069
2014	89.955499651	52.18063438	93.623026685	4713.6681817	0.1426232888	24895.989356
2016	89.806893198	47.839045438	92.258840891	4705.8812036	0.1307565934	24533.228653
2018	81.543228983	39.438776754	82.866097594	4272.8651987	0.1077964673	22035.535025
2020	78.766681438	37.466716552	79.313608155	4098.8373184	0.1024063122	21090.866364
