"Jahr"	"Endenergie total (GWh; 2010 = 100%)"	"kWh pro Franken BIP (2010 = 100%)"	"kWh pro Kopf (2010 = 100%)"	"Endenergie total"	"kWh pro Franken BIP"	"kWh pro Kopf"	"Mittlere Bevölkerung"
2010	100	100	100	5572.1390093	0.1522232673	29029.72195	191946.0000
2012	93.753546115	93.187735309	93.28988161	5224.0779157	0.1418534154	27081.793239	192900.0000
2014	84.593513799	81.088990657	82.807475289	4713.6681817	0.123436311	24038.77983	196086.0000
2016	84.453765344	74.399931604	81.902033928	4705.8812036	0.1132540068	23775.93272	197926.2500
2018	76.682674132	63.839674545	73.642493645	4272.8651987	0.0971788384	21378.211142	199870.1000
2020	73.451423382	63.829038899	69.959510289	4092.8154152	0.0971626485	20309.051314	201526.6667
2022	68.972886672	50.292137765	65.0158127	3843.2651241	0.0765563353	18873.90965	203628.4583
2024	66.511316626	45.665268411	61.674516257	3706.1030194	0.0695131636	17903.940583	206999.2917
