"jahr"	"Endenergie total"	"kWh pro Franken BIP"	"kWh pro Kopf"
1995	100	100	100
2000	98.473282443	86.743060141	102.96469813
2004	96.08778626	71.698704334	101.44182729
2010	106.33853071	65.442915585	111.52026649
2012	99.69614343	59.430156582	105.4766851
2014	89.955499651	52.18063438	93.623026685
2016	89.806893198	47.839045438	92.258840891
2018	81.543228983	39.438776754	82.866097594
