"Jahr"	"Wohnen"	"Nichtwohnen"	"Verkehr"
2010	1424.0047062	3061.3654952	903.97442297
2012	1663.8655395	2620.7195107	834.79105756
2014	1333.4802442	2354.9680397	842.651631
2016	1387.9665042	2233.6972771	851.996827
2018	1294.5116399	1922.8656253	830.026761
2020	1381.7911863	1953.3865473	593.1855645
2022	1409.3411725	1629.2256402	616.72220428
