"jahr"	"Wohnen"	"Nichtwohnen"	"Verkehr"
2010	114477.2214	289802.57938	218196.05728
2012	133994.52	231424.38	203149.656
2014	110851.092	196676.30697	205951.0788
2016	131925.816	133315.86604	208579.24146
2018	82525.302436	120806.97741	205547.74429
2020	7148151927.1	-9968092069	38403025395
