"Jahr"	"Endenergie total (GWh; 1995 = 100%)"	"kWh pro Franken BIP (1995 = 100%)"	"kWh pro Kopf (1995 = 100%)"	"Endenergie total"	"kWh pro Franken BIP"	"kWh pro Kopf"	"Mittlere Bevölkerung"
1995	100	100	100	5240	0.2704177541	26308.786834	199173.0000
2000	98.473282443	87.190669338	103.49601378	5160	0.2357790498	27228.545647	189507.0000
2004	96.08778626	71.647346065	101.36916382	5035	0.1937471441	26668.997225	188796.0000
2010	106.33853071	64.751658275	110.34230553	5572.1390093	0.1750999801	29029.72195	191946.0000
2012	99.69614343	57.999867048	102.9382062	5224.0779157	0.1568419379	27081.793239	192900.0000
2014	89.955499651	50.925848685	91.371677387	4713.6681817	0.1377125363	24038.77983	196086.0000
2016	89.806893198	46.861026853	90.372706663	4705.8812036	0.1267205364	23775.962752	197926.0000
2018	81.543228983	38.673825431	81.25883347	4272.8651987	0.1045808902	21378.213281	199870.0800
2020	78.222086228	36.519529289	77.308499451	4098.8373184	0.0987552909	20338.928325	201526.7104
