jahr	Tonnen pro Kopf	Zielpfad
2012	4.320204047	
2013		
2014	3.898914093	
2015		
2016	3.746981746	
2017		
2018	3.474842667	3.475
2019		3.292
2020	3.067227186	3.109
2021		2.926
2022		2.743
2023		2.56
2024		2.377
2025		2.194
2026		2.011
2027		1.828
2028		1.645
2029		1.462
2030		1.279
2031		1.096
2032		0.913
2033		0.73
2034		0.547
2035		0.364
2036		0.181
2037		0
