Jahr	Sehr oder eher sicher	Rot	Rot 2	Gelb	Gelb 2	Grün	Grün 2
2003	93.78757515	75	80	80	90	90	100
2005	94.63576159	75	80	80	90	90	100
2007	94.36713055	75	80	80	90	90	100
2011	92.81002639	75	80	80	90	90	100
2015	91.1686587	75	80	80	90	90	100
2019	94.87666034	75	80	80	90	90	100
