Jahr	Beziehende	Sozialhilfequote (rechte Skala)
2017	12578	6.32098418
2018	12395	6.189577341
2019	11937	5.9563787692
2020	11642	5.7641938694
2021	10935	5.4185971606
2022	10282	5.0266438524
