Jahr	Life Sciences Industrie	Chemische Industrie	Finanz- und Versicherungsdienstl.	Verkehr und Lagerei	Handel und Reparatur	Unternehmens- und freiberufl. Dienstl.	Grundstücks- und Wohnungswesen	Baugewerbe	Öffentliche Verwaltung	Gesundheits- und Sozialwesen	Tourismus	Übrige Branchen
2000	23.5997188517308	2.81701967043184	15.3981682782385	5.67114927229773	8.66161809470898	9.48558668476868	6.09506924545192	3.14696572866341	6.61433591191344	5.98230000715211	1.57151321361997	8.13953537059086
2005	33.7441867975123	2.92827376589501	11.1563548454362	4.87443389577564	7.20753902661115	10.1892291328952	5.77067316724585	2.20035975557416	6.28927528805517	5.93926877021867	1.16417659947245	5.60795518941326
2010	39.373812158429	1.38697316873248	10.0178417245685	4.17468618761985	7.67788699273776	9.59700351910966	5.01326081237451	1.8777766306981	6.12773927056805	5.74308706441285	1.18843935647117	6.4345199455456
2015	40.6794450252833	1.09763606795885	9.30755859743694	3.52305257781014	6.78838249754414	11.3187483975647	4.59227524366263	1.9998580921948	6.32545593618501	6.09572393371656	1.27297017701796	5.90125738566615
2017	41.5174002563557	0.976397610262757	8.84518412723219	3.49916043303631	6.74216513692457	11.5175258227623	4.51305279717794	1.88545720656113	6.12718061940461	6.15199918787588	1.2461426601619	6.0019365319819
